ranker,ndcg@5,ndcg@10,mrr,map,p@5,ms_per_resume,stuffing_advantage
tfidf,0.11161490603366744,0.09146024152843761,0.029789597657244715,0.12496714125580674,0.0,0.20770995348399549,0.12179844961240312
bm25,0.07038179390120905,0.0576727257868909,0.028776935835759365,0.11245459894112106,0.0,0.09138418605204585,0.17961149110807115
sbert,0.10897718677947574,0.16852052499734765,0.1027056277056277,0.21084602598669083,0.0,0.05473981394844,0.07788782489740083
hybrid,0.9496081765148716,0.8688133866085187,1.0,0.7106888917183035,0.8,0.8122307906836964,0.21745189238486093
hybrid_dice,0.9242995065922894,0.9211908299288077,0.9,0.8700546983880317,0.92,0.7907315349033059,0.19724943000455997
hybrid_grounded,0.9312869059855837,0.9291232613191177,1.0,0.8486940836940837,0.8400000000000001,3.018166511630921,0.18620337437300502
hybrid_no_gate,0.9496081765148716,0.8688133866085187,1.0,0.7106888917183035,0.8,0.7871497674374083,0.14901595987232102
hybrid_no_antigaming,0.10897718677947574,0.492118041070561,0.16666666666666666,0.3395728282227138,0.0,0.6822845581404562,0.22849430004559965
fusion_bm25_sbert,0.09488340988750779,0.1016971957904863,0.06502747252747253,0.15855929133480667,0.0,0.1347702325641199,0.1382471500227998
